{"cameraMode":{"drawMode":0,"name":"Shaded","section":"Shading Mode"},"sceneLighting":false,"audioPlay":false,"sceneViewState":{"showFog":true,"showMaterialUpdate":false,"showSkybox":false,"showFlares":true,"showImageEffects":true,"showParticleSystems":true},"in2DMode":false,"pivot":{"x":-4.76837158203125e-7,"y":1.5000169277191163,"z":-0.04769971966743469},"rotation":{"x":-0.0818309336900711,"y":0.23482561111450196,"z":0.01984298601746559,"w":0.9683839678764343},"size":5.687870502471924,"orthographic":false}