{"cameraMode":{"drawMode":0,"name":"Shaded","section":"Shading Mode"},"sceneLighting":false,"audioPlay":false,"sceneViewState":{"showFog":true,"showMaterialUpdate":false,"showSkybox":false,"showFlares":true,"showImageEffects":true,"showParticleSystems":true},"in2DMode":false,"pivot":{"x":9.574447631835938,"y":0.04667043685913086,"z":-8.074893951416016},"rotation":{"x":0.5444594025611877,"y":0.083479143679142,"z":-0.054573189467191699,"w":0.8328408598899841},"size":14.147765159606934,"orthographic":false}