{"cameraMode":{"drawMode":0,"name":"Shaded","section":"Shading Mode"},"sceneLighting":false,"audioPlay":false,"sceneViewState":{"showFog":true,"showMaterialUpdate":false,"showSkybox":false,"showFlares":true,"showImageEffects":true,"showParticleSystems":true},"in2DMode":false,"pivot":{"x":-0.000001430511474609375,"y":0.4999995231628418,"z":-3.999999523162842},"rotation":{"x":0.01582990400493145,"y":-0.9811084866523743,"z":0.09150715917348862,"w":0.16972307860851289},"size":11.862092971801758,"orthographic":false}