{"cameraMode":{"drawMode":0,"name":"Shaded","section":"Shading Mode"},"sceneLighting":false,"audioPlay":false,"sceneViewState":{"showFog":true,"showMaterialUpdate":false,"showSkybox":false,"showFlares":true,"showImageEffects":true,"showParticleSystems":true},"in2DMode":false,"pivot":{"x":-1.1867492198944092,"y":0.025300581008195878,"z":2.718191385269165},"rotation":{"x":-0.30362269282341006,"y":-0.034593287855386737,"z":0.011007172055542469,"w":-0.9521120190620422},"size":3.6468429565429689,"orthographic":true}