{"cameraMode":{"drawMode":0,"name":"Shaded","section":"Shading Mode"},"sceneLighting":false,"audioPlay":false,"sceneViewState":{"showFog":true,"showMaterialUpdate":false,"showSkybox":false,"showFlares":true,"showImageEffects":true,"showParticleSystems":true},"in2DMode":false,"pivot":{"x":376.7518615722656,"y":256.4801025390625,"z":65.03775787353516},"rotation":{"x":0.025496622547507287,"y":-0.007497894112020731,"z":0.00019009712559636682,"w":0.9996494650840759},"size":236.06631469726563,"orthographic":true}