{"cameraMode":{"drawMode":0,"name":"Shaded","section":"Shading Mode"},"sceneLighting":false,"audioPlay":false,"sceneViewState":{"showFog":true,"showMaterialUpdate":false,"showSkybox":false,"showFlares":true,"showImageEffects":true,"showParticleSystems":true},"in2DMode":false,"pivot":{"x":-0.0000019073486328125,"y":0.49999940395355227,"z":-3.999999523162842},"rotation":{"x":0.23042026162147523,"y":-0.5938996076583862,"z":0.1827390193939209,"w":0.7488627433776856},"size":28.863218307495118,"orthographic":false}